Actual,Predicted,Probability
0,0,0.4065991887301886
0,0,0.0009885022189822074
0,0,0.2618543645650442
0,0,0.010653190244872815
0,0,0.10270985792405841
0,0,0.0
0,0,0.07494088498713722
0,0,0.0005124753840747375
0,0,0.0031162809450850752
0,0,0.2408638201092286
0,0,0.001512684206782194
0,0,0.036400767976538954
0,0,0.0
0,0,0.02951465940225752
0,0,0.01049227826957935
0,0,0.0009885022189822074
0,0,0.0009885022189822074
1,1,0.7180677522250153
0,0,0.001993147783160488
0,0,0.0
0,0,0.001512684206782194
1,1,0.9009739909413012
0,0,0.027997278875363314
0,0,0.0
0,0,0.0007097184939410482
0,0,0.0
0,0,0.00850836635843241
0,0,0.001512684206782194
0,0,0.008155344035957295
0,0,0.0
0,0,0.0014439172022119274
0,0,0.0069036647763823615
0,0,0.0027961134960016337
0,0,0.010333200562592411
0,0,0.0
0,0,0.12707407056029482
0,0,0.0
0,0,0.0007097184939410482
0,0,0.009280802077239695
0,0,0.0
1,1,0.9851431604761762
0,0,0.12810876046315367
0,0,0.007574638230212246
1,1,0.6602360926448345
0,0,0.001993147783160488
0,0,0.009048232264106766
0,0,0.019789412871487607
0,0,0.0
0,0,0.0058489930027804315
0,0,0.0361481767542223
0,0,0.0
0,0,0.17585938248645164
0,0,0.0
0,0,0.0009885022189822074
0,0,0.0
0,0,0.0027961134960016337
0,0,0.006867799988245512
0,0,0.0027961134960016337
0,0,0.0
0,0,0.0009885022189822074
0,0,0.014959477348072436
0,0,0.0
0,0,0.001794905957713961
0,0,0.001512684206782194
1,1,0.8081711152707257
1,1,0.84168305787548
0,0,0.001993147783160488
0,0,0.0009885022189822074
0,0,0.0
0,0,0.0
0,0,0.04005427745697959
0,0,0.008637201765659049
0,0,0.009802584986353375
0,0,0.020086331335837402
0,0,0.00511388636175668
0,0,0.0
0,0,0.0
0,0,0.035570665257876305
0,0,0.0982854220902959
0,0,0.008029295657594016
0,0,0.2930318583026272
0,0,0.002670914060514639
0,0,0.0007097184939410482
0,0,0.006470985464159665
0,0,0.009344698343610203
0,0,0.009382228325724669
0,0,0.019244105555987066
0,0,0.0033743724077712205
0,0,0.27006273128027214
0,0,0.020637635967987865
0,0,0.279638680731111
0,0,0.0
0,0,0.025466967380719314
0,0,0.0014439172022119274
0,0,0.008546479985975481
0,0,0.009048232264106766
0,1,0.8529351375846927
1,0,0.18696416652490097
0,0,0.02595427248209137
0,0,0.009048232264106766
0,0,0.0
0,0,0.3164554272152347
0,0,0.00511388636175668
0,0,0.0
0,0,0.003419019462269975
0,0,0.011600287002898018
0,0,0.0
0,0,0.0005960101481350071
0,0,0.0026211697389919384
0,0,0.030281607236217364
0,0,0.0033743724077712205
0,0,0.001512684206782194
0,0,0.0
0,0,0.0009885022189822074
0,0,0.2314192724918846
0,0,0.001956392586286665
0,0,0.0009885022189822074
0,0,0.0
0,0,0.0005124753840747375
0,0,0.025509261850127456
0,0,0.0033743724077712205
1,0,0.011764735292115776
0,0,0.06643384199002786
0,0,0.008546479985975481
0,0,0.000991940244872815
0,0,0.001512684206782194
0,0,0.0031162809450850752
1,1,0.5987209438612805
0,0,0.0009885022189822074
0,0,0.0
0,0,0.000991940244872815
0,0,0.25768717042812805
0,0,0.0144262595970727
0,0,0.006102388580738887
0,0,0.0021086943549172015
0,0,0.0
0,0,0.001512684206782194
0,0,0.15503404205438104
0,0,0.0009885022189822074
0,0,0.0
0,0,0.0007097184939410482
0,0,0.0
0,0,0.010289836866473662
0,0,0.011844345760108399
1,0,0.15759067631270032
0,0,0.14254684324140177
0,0,0.02908952377405737
0,0,0.015935893312163666
0,0,0.024780295298911233
0,0,0.0
0,0,0.0005960101481350071
0,0,0.007403965897116581
0,0,0.0026211697389919384
0,0,0.08804106558195995
0,1,0.5302554731842504
0,0,0.009560707648181503
0,0,0.001512684206782194
0,0,0.006130721028000319
0,0,0.01920187207129515
1,1,0.7020392325581419
0,0,0.006102388580738887
0,0,0.0
0,0,0.0
0,0,0.012380930690246136
0,0,0.0047650095970727
0,0,0.0
0,0,0.0033743724077712205
0,0,0.02232693851959162
0,0,0.010876414624615334
0,0,0.0009885022189822074
0,0,0.0021086943549172015
0,0,0.009203410985177797
0,0,0.0027961134960016337
0,0,0.2695171724260414
0,0,0.012144371273083827
0,0,0.000991940244872815
0,0,0.024696736632760476
0,0,0.006490653352856296
0,0,0.0
0,0,0.005482532363894309
0,0,0.006591194968553461
0,0,0.0005124753840747375
0,0,0.004841992581849192
0,0,0.003419019462269975
0,0,0.001993147783160488
0,0,0.018450101275983285
0,0,0.02452365163571729
0,0,0.09221930950440367
0,0,0.0015245368228729462
0,0,0.21460259691539205
0,0,0.015377928708181561
0,0,0.01809646452821353
0,0,0.18528651596392426
0,0,0.0008029657128411459
0,0,0.028667198343610204
0,0,0.001512684206782194
0,0,0.0038868477918459583
0,0,0.0888636542845446
0,0,0.0
0,0,0.012618113437909955
0,0,0.1195025835985813
0,0,0.06394879068846351
0,0,0.0
0,0,0.008637201765659049
0,0,0.07599176350804397
0,0,0.001512684206782194
0,0,0.01829845176565905
0,0,0.00966125
0,0,0.0
0,0,0.01629254268260614
0,0,0.012144371273083827
0,0,0.0008029657128411459
0,0,0.0
0,0,0.0027961134960016337
0,0,0.031537505050692645
0,0,0.0009885022189822074
0,0,0.08072046221323227
0,0,0.00760129819040126
0,0,0.00966125
0,0,0.0009885022189822074
0,0,0.0
0,0,0.00966125
1,1,0.6732785131133455
0,0,0.0
0,0,0.0018182040261507928
0,0,0.001512684206782194
0,0,0.0014439172022119274
0,0,0.0009885022189822074
0,0,0.0
0,0,0.0033743724077712205
0,0,0.014504645935209462
0,0,0.01600725964968925
0,0,0.001794905957713961
0,0,0.012374242860495066
0,0,0.008906943244021895
0,0,0.0047650095970727
0,0,0.009500338024706534
0,0,0.0026211697389919384
0,0,0.2198596466769555
0,0,0.01776223006105073
0,0,0.006691777391432337
0,0,0.0
0,0,0.001512684206782194
0,0,0.013703686771140144
0,0,0.008769998865312606
0,0,0.0076012981904012575
0,0,0.18423387757024123
0,0,0.0
0,0,0.03241467963112853
0,0,0.001993147783160488
0,0,0.04325914766154855
0,0,0.0042874577023353875
0,0,0.07955108920752996
0,0,0.001512684206782194
0,0,0.29642287505428105
0,0,0.0033743724077712205
0,0,0.03542891840531311
0,0,0.001993147783160488
0,0,0.0018033205479141051
0,0,0.01967008989249499
0,0,0.0071529326498269855
0,0,0.0047650095970727
0,0,0.0
0,0,0.04065539560326835
0,0,0.0007097184939410482
0,0,0.0027961134960016337
0,0,0.004316888769418495
0,0,0.0027961134960016337
0,0,0.0
0,0,0.0005124753840747375
0,0,0.0007097184939410482
0,0,0.018898074801110925
0,0,0.001512684206782194
0,0,0.0009885022189822074
0,0,0.001993147783160488
0,0,0.02541561067141732
0,0,0.0102826830720948
0,0,0.0009885022189822074
0,0,0.010574553221796432
0,0,0.044754036768687236
0,0,0.001993147783160488
0,0,0.009553376457500722
0,0,0.03575288638247327
0,0,0.008285421142546021
0,0,0.1889730851578029
0,0,0.001512684206782194
0,0,0.0
0,0,0.03546463019910545
0,0,0.07231645220815949
0,0,0.03059888792919105
0,0,0.001993147783160488
0,0,0.0005960101481350071
0,0,0.0067114268337453665
0,0,0.035048808866005615
0,0,0.003419019462269975
0,0,0.025472497019736026
0,0,0.0
0,0,0.0
0,0,0.0009885022189822074
0,0,0.009500338024706534
0,0,0.0027961134960016337
0,0,0.18010347821248676
0,0,0.10185416299600916
0,0,0.06320777256151383
0,0,0.001993147783160488
0,0,0.0
0,0,0.0
0,0,0.019219472766880477
0,0,0.0
0,0,0.016757551541545672
0,0,0.001993147783160488
0,0,0.001512684206782194
0,0,0.0009885022189822074
0,0,0.0
0,0,0.0018182040261507928
0,0,0.051000594619943794
0,0,0.02196955413679892
0,0,0.0
0,0,0.0026211697389919384
0,0,0.11087169985051754
0,0,0.005046027289939286
0,0,0.0005124753840747375
0,0,0.0
0,0,0.0
0,0,0.006591194968553461
0,0,0.19463220792344157
0,0,0.006001708339804318
0,0,0.042111775287684096
0,0,0.042133393245321525
0,0,0.0
0,0,0.001794905957713961
0,0,0.001993147783160488
0,0,0.009344698343610205
0,0,0.0007097184939410482
0,0,0.03764054832154248
0,0,0.00991310481931574
0,0,0.0009885022189822074
0,0,0.2935247303097745
0,0,0.0
0,0,0.01915419261993474
0,0,0.001512684206782194
0,0,0.0
1,1,0.9307154422853253
0,0,0.01677159449479585
0,0,0.0
0,0,0.15617074996783928
1,0,0.31844034183297387
0,0,0.03471931488438089
0,0,0.02786118632894753
0,0,0.0027961134960016337
0,0,0.001993147783160488
0,0,0.009048232264106766
0,0,0.02744116287182374
0,0,0.0064061334438458364
0,0,0.060878299201141316
0,0,0.001993147783160488
0,0,0.01625244496855346
0,0,0.048504188535750184
0,0,0.03258444820969714
0,0,0.026046424339464816
0,0,0.0009885022189822074
0,0,0.0005124753840747375
0,0,0.0009885022189822074
0,0,0.000991940244872815
0,0,0.05842358659867889
0,0,0.0027961134960016337
0,0,0.010514442624871216
0,0,0.001512684206782194
0,0,0.012887868454040363
0,0,0.0364005031799828
0,0,0.010900091027182384
0,0,0.02167624428209136
0,0,0.000991940244872815
0,0,0.003776507378090493
0,0,0.010096348172841541
0,0,0.007038521081868683
0,0,0.010501514141592895
0,0,0.31178225628347633
0,0,0.009827706783648039
0,0,0.011427334207354287
0,0,0.0
0,0,0.007577518482186561
0,0,0.06604222312401889
0,0,0.0
0,0,0.011027110185142637
0,0,0.0040592169133855235
0,0,0.09941223301099064
0,0,0.0
1,1,0.7341868534621666
0,0,0.0008029657128411459
0,0,0.28760414587849803
0,0,0.0007097184939410482
0,0,0.019695590154202188
0,0,0.09466744650411947
0,0,0.0018067585738047128
0,0,0.011000834586414003
0,0,0.0018182040261507928
0,0,0.0014439172022119274
0,0,0.01261661896979161
0,0,0.0
0,0,0.02674708410057419
0,0,0.001993147783160488
0,0,0.0357721899860997
0,0,0.0009885022189822074
0,0,0.000991940244872815
0,0,0.0033743724077712205
0,0,0.0009885022189822074
0,0,0.029519945669793643
0,0,0.0
0,0,0.01821793618602285
0,0,0.001993147783160488
0,0,0.003419019462269975
0,0,0.001993147783160488
0,0,0.0
0,0,0.012872440478900717
0,0,0.0
0,0,0.000991940244872815
0,0,0.0
0,0,0.0018182040261507928
0,0,0.0
0,0,0.018403169506571514
0,0,0.16992873509372386
0,0,0.01825213388971294
0,0,0.0048834678504703945
0,0,0.012243998753926823
0,0,0.001512684206782194
0,0,0.015805717380719314
0,0,0.05281890108746435
0,0,0.005482532363894309
0,0,0.001993147783160488
0,0,0.03819684507052208
0,0,0.0
0,0,0.001993147783160488
0,0,0.20475519417284982
0,0,0.12454593543946302
0,0,0.0
0,0,0.0
0,0,0.34296019444142606
0,0,0.0027961134960016337
0,0,0.0
0,0,0.009896002174134003
0,0,0.017623650766344957
0,0,0.002616053749428829
0,0,0.24777045580590806
0,0,0.0027961134960016337
0,0,0.006102388580738887
0,0,0.010650643252152502
0,0,0.020006700398195586
0,0,0.2664284482151651
0,0,0.0027961134960016337
0,0,0.0
0,0,0.0005124753840747375
0,0,0.02990890583788718
0,0,0.0009885022189822074
0,0,0.018775383715187843
0,0,0.002616053749428829
0,0,0.001993147783160488
0,0,0.0031162809450850752
0,0,0.03528488799403998
0,0,0.00511388636175668
0,0,0.11328124856788348
0,0,0.00511388636175668
0,0,0.00966125
0,0,0.006102388580738887
0,0,0.0
0,0,0.1589288128979728
0,0,0.0
0,0,0.0
0,0,0.02173428485499707
0,0,0.01216306411143059
0,0,0.008769998865312606
0,0,0.0007097184939410482
0,0,0.011187223795769778
0,0,0.0
0,0,0.0027961134960016337
0,0,0.13903551209847617
0,0,0.0
0,0,0.0016824118415324316
0,0,0.0018182040261507928
0,0,0.0218712461231168
0,0,0.001512684206782194
0,0,0.0
0,0,0.02293510366798566
0,0,0.33577288481330086
0,0,0.004422009587161131
0,0,0.008103702102886247
0,0,0.02168390515984719
0,0,0.001512684206782194
0,0,0.019186637888537177
0,0,0.009771587508955288
0,0,0.0
0,0,0.0
0,0,0.0
0,0,0.0027961134960016337
0,0,0.023260945045055725
0,0,0.0009885022189822074
0,0,0.028296904789134793
0,0,0.010650643252152502
0,0,0.0
0,0,0.03373603420522001
0,0,0.009824201615307978
0,0,0.009500338024706534
1,1,0.9941042200742206
1,1,0.7444795803021456
0,0,0.008769998865312606
0,0,0.014077543863079684
0,0,0.1598699620547797
0,0,0.0
0,0,0.04776749022075182
0,0,0.0007097184939410482
0,0,0.022579355831004
0,0,0.03758747148833133
0,0,0.0
0,0,0.0018033205479141051
0,0,0.0007097184939410482
0,0,0.06513215470168633
0,0,0.0
0,0,0.0008029657128411459
0,0,0.009048232264106766
0,0,0.009344698343610205
0,0,0.008784300696403595
0,0,0.0643676533539868
0,0,0.0
0,0,0.06821883188385175
1,1,0.9131979940593047
0,0,0.03463654219160548
0,0,0.001512684206782194
0,0,0.022312618547495694
0,0,0.06360131126364128
0,0,0.0
0,0,0.0008029657128411459
0,0,0.04638642437344127
0,0,0.04353565218416447
0,0,0.02261688951032928
0,0,0.000991940244872815
0,0,0.0
0,0,0.2679381450510155
0,0,0.0033743724077712205
0,0,0.0
0,0,0.024297733513712068
0,0,0.0070650430981118225
0,0,0.012874710432477754
0,0,0.0
0,0,0.0
0,0,0.04856154055019058
0,0,0.0033743724077712205
0,0,0.010843138221820727
0,0,0.0181033018968646
0,0,0.001512684206782194
1,0,0.2690993055866868
0,0,0.002616053749428829
0,0,0.08293125881137783
0,0,0.03730540507896131
0,0,0.006102388580738887
0,0,0.022614819182418467
0,0,0.0021086943549172015
0,0,0.13728505374364958
0,0,0.0
0,0,0.005046027289939286
0,0,0.027491064759696923
0,0,0.009250394255326408
0,0,0.001512684206782194
1,1,0.8064402139352518
0,0,0.0
0,0,0.0
0,0,0.0027961134960016337
0,0,0.0
0,0,0.0
0,0,0.0
0,0,0.04085083539642247
0,0,0.017586123122682852
0,0,0.0034370649853724157
0,0,0.0527423082355766
0,0,0.006255558711796065
0,0,0.010068650610148914
0,0,0.0
0,0,0.0
0,0,0.0007097184939410482
0,0,0.010201521993502603
0,0,0.0
0,0,0.0
0,0,0.011189706358321377
0,0,0.0005124753840747375
0,0,0.007216619981325865
0,0,0.009344698343610205
0,0,0.0
0,0,0.4199622058384735
0,0,0.0038259994390261237
0,0,0.0007097184939410482
0,0,0.1868742568604594
0,0,0.2010992019645483
0,0,0.07823108203558994
0,0,0.01235585847095264
0,0,0.000991940244872815
0,0,0.0047650095970727
0,0,0.0014439172022119274
0,0,0.0026211697389919384
0,0,0.0038868477918459583
0,0,0.002616053749428829
0,0,0.0009885022189822074
0,0,0.0037208786212834877
0,0,0.07783102043072603
0,0,0.0
0,0,0.00850836635843241
0,0,0.013577825658443739
1,0,0.41546627731842223
0,0,0.017853064702042613
0,0,0.0009885022189822074
0,0,0.30161171292827005
0,0,0.0005960101481350071
0,0,0.0013057286420760552
0,0,0.001512684206782194
0,0,0.006102388580738887
0,0,0.009625703984641257
0,0,0.001512684206782194
0,0,0.0033743724077712205
0,0,0.08965086041099381
0,0,0.0027961134960016337
0,0,0.0
0,0,0.0
0,0,0.010036734483088974
0,0,0.0
0,0,0.009104376506567416
0,0,0.056101714028324305
0,0,0.0
0,0,0.009625703984641257
0,0,0.07829466527115826
0,0,0.02780369950347282
0,0,0.01808959881999224
0,0,0.001794905957713961
0,0,0.0
0,0,0.0
0,0,0.03791637168549732
0,0,0.02608373739503365
0,0,0.0058489930027804315
0,0,0.001993147783160488
0,0,0.020086016717462744
0,0,0.2990719254759483
0,0,0.001993147783160488
0,0,0.006591194968553461
0,0,0.019116285852565494
0,0,0.012243998753926823
0,0,0.0007097184939410482
0,0,0.0009885022189822074
1,1,0.5481783262836203
1,1,0.6143423502046893
0,0,0.0021004257770825597
0,0,0.0028028887786517125
0,0,0.030134380353835734
0,0,0.10163603408890629
0,0,0.0009885022189822074
0,0,0.006177261186422933
0,0,0.006102388580738887
0,0,0.0
0,0,0.005800141909117581
0,0,0.022492939661204435
0,0,0.01922270367440981
0,0,0.0005124753840747375
0,0,0.07554440136822142
0,0,0.0027961134960016337
0,0,0.0005960101481350071
0,0,0.06383337562791523
0,0,0.0669507554925087
0,0,0.018898074801110925
0,0,0.0
0,0,0.001512684206782194
1,1,0.8780200063144404
0,0,0.011404086701127615
0,0,0.01692476786938079
0,0,0.0009885022189822074
0,0,0.0686507137081606
0,0,0.012361342569593108
0,0,0.0300103045241203
0,0,0.0
1,1,0.837641246838676
0,0,0.006102388580738887
0,0,0.013957298099931575
0,0,0.0
0,0,0.006020412479959114
0,0,0.0262259669142661
0,0,0.0009885022189822074
0,0,0.0071529326498269855
0,0,0.007848916068590998
0,0,0.024837599419386427
0,0,0.01945222367564202
0,0,0.4838025127829975
0,0,0.044715135924152466
0,0,0.009048232264106766
0,0,0.07171530422756012
0,0,0.002807966112092386
0,0,0.018392930607716972
0,0,0.0
1,1,0.5397250512970317
0,0,0.0
0,0,0.07511221773623751
0,0,0.21805906707333947
0,0,0.0
0,0,0.09727770376795855
0,0,0.07646587287332816
0,0,0.0372282552963005
0,0,0.0047650095970727
0,0,0.015361193833866067
0,0,0.007054030961379698
0,0,0.018709482264106767
0,0,0.000991940244872815
0,0,0.0
0,0,0.001993147783160488
0,0,0.01811469720892281
0,0,0.001512684206782194
0,0,0.001993147783160488
0,0,0.001993147783160488
0,0,0.0
0,0,0.03627285801381766
0,0,0.009344698343610205
0,0,0.007499546883362687
0,0,0.0
0,0,0.20278760771734483
0,0,0.11463742807481041
0,0,0.0015975939973955652
0,0,0.0009885022189822074
0,0,0.02564905951599024
0,0,0.0187612565747929
0,0,0.001993147783160488
0,0,0.001512684206782194
0,0,0.0009885022189822074
0,0,0.0005124753840747375
0,0,0.0029033914899237057
0,0,0.12100549204018703
0,0,0.0033743724077712205
0,0,0.0
0,0,0.0033743724077712205
0,0,0.0
0,0,0.0027961134960016337
0,0,0.2412439812059939
0,0,0.0033743724077712205
0,0,0.03719631836858834
0,0,0.0021536356961529756
0,0,0.0
0,0,0.001993147783160488
0,0,0.009048232264106766
0,0,0.1395379292494392
0,0,0.0944057286809224
0,0,0.0
0,0,0.000991940244872815
0,0,0.0
0,0,0.01907855039235181
0,0,0.03390292788545158
0,0,0.005761266970218617
0,0,0.009194076012609291
0,0,0.0
0,0,0.0029033914899237057
0,0,0.0
0,0,0.026080123165763577
0,0,0.009786407363680978
0,0,0.0
0,0,0.02452365163571729
0,0,0.007577518482186561
0,1,0.517917257719134
0,0,0.002616053749428829
0,0,0.0037208786212834877
0,0,0.2839645727124752
0,0,0.006265402075226979
0,0,0.018709482264106767
0,0,0.011820854566808528
0,0,0.0
0,0,0.0051115859044249985
0,0,0.0
0,0,0.001993147783160488
0,0,0.05779698135481129
0,0,0.0007097184939410482
0,0,0.03758747148833133
0,0,0.0018182040261507928
0,0,0.0
0,0,0.00481216010752916
0,0,0.0021536356961529756
0,0,0.008246451710255003
1,1,0.8923934274232415
0,0,0.001993147783160488
0,0,0.0005124753840747375
1,1,0.8895602779335319
0,0,0.026768951975614744
0,0,0.03322845821542707
1,1,0.6340174421614732
0,0,0.08480576026700712
0,0,0.001993147783160488
0,0,0.18532846604789124
0,0,0.0
0,0,0.0005124753840747375
0,0,0.0
0,0,0.009194076012609291
0,0,0.0
0,0,0.0008029657128411459
0,0,0.0034370649853724157
1,1,0.8689962474394062
0,0,0.05351800506205069
0,0,0.0007097184939410482
0,0,0.16688946871374916
0,0,0.009344698343610205
0,0,0.0
0,0,0.07755030475668254
0,0,0.00966125
1,1,0.9038346044616745
0,0,0.01805247311469995
0,0,0.0009885022189822074
0,0,0.0033743724077712205
0,0,0.0
0,0,0.0
0,0,0.0047650095970727
0,0,0.12531313428520507
0,0,0.001993147783160488
0,0,0.08263269413959808
0,0,0.0
0,0,0.0009885022189822074
0,0,0.0005124753840747375
0,0,0.24116890367996258
0,0,0.0
0,0,0.0
0,0,0.32459722988415396
0,0,0.009048232264106766
0,0,0.004561765921029334
0,0,0.01272131860577849
0,0,0.01849792845033109
0,0,0.0
0,0,0.0038259994390261237
0,0,0.0018182040261507928
0,0,0.009344698343610205
0,0,0.007936138328800555
0,0,0.0
1,1,0.9535511338886677
0,0,0.0
0,0,0.015935893312163666
0,0,0.011856198376199152
0,0,0.17123601580520148
0,0,0.0
0,0,0.0
0,0,0.021963947217233392
0,0,0.01215266445570259
0,0,0.0
0,0,0.001993147783160488
0,0,0.056080055946456465
0,0,0.13833531390419257
0,0,0.001512684206782194
0,0,0.0026211697389919384
0,0,0.0
0,0,0.007333539201063901
0,0,0.001512684206782194
0,0,0.0033743724077712205
0,0,0.0033743724077712205
0,0,0.0026211697389919384
0,0,0.01376717506158904
0,0,0.018294609044293596
0,0,0.0
0,0,0.0
0,0,0.03260408233779131
0,0,0.005277484981147437
0,0,0.012851746520976511
0,0,0.17295235649139465
0,0,0.023113077987879073
0,0,0.0
0,0,0.02643352363158363
0,0,0.0009885022189822074
0,0,0.0005124753840747375
0,0,0.012059392391449207
0,0,0.001512684206782194
0,0,0.37629872810119536
0,0,0.0
0,0,0.0009885022189822074
0,0,0.0
0,0,0.011456155957713961
0,0,0.009344698343610205
0,0,0.0
0,0,0.0009885022189822074
0,0,0.0005124753840747375
0,0,0.0
0,0,0.002807966112092386
0,0,0.011304479854434042
0,0,0.0014439172022119274
0,0,0.4670179425993457
0,0,0.028718322156601753
0,0,0.001512684206782194
0,0,0.0005960101481350071
0,0,0.009757950758047813
0,0,0.003419019462269975
0,0,0.15640223677560278
0,0,0.008546479985975481
0,0,0.010791794711377766
1,1,0.7844186467571237
0,0,0.05331685111050781
0,0,0.0009885022189822074
0,0,0.03442119277971331
0,0,0.0007097184939410482
0,0,0.009344698343610203
0,0,0.0
0,0,0.0009885022189822074
0,0,0.27456565533728317
0,0,0.01795517550812866
0,0,0.055241071297139656
0,0,0.003419019462269975
0,0,0.09524308583011264
0,0,0.0
0,0,0.0
0,0,0.028725166140734937
0,0,0.0
0,0,0.009243741030138735
0,0,0.008681582491826318
0,0,0.1842132009193271
0,0,0.006979964422900815
0,0,0.009344698343610205
0,0,0.019481779533861997
0,0,0.027894977389329244
0,0,0.0
0,0,0.0007097184939410482
0,0,0.0
0,0,0.001512684206782194
0,0,0.0
0,0,0.0007097184939410482
0,0,0.0007097184939410482
0,0,0.03845991757375282
0,0,0.0018182040261507928
1,1,0.50921543629184
1,1,0.652827490116322
0,0,0.0018182040261507928
0,0,0.010900091027182384
0,0,0.4043246572746788
0,0,0.033443842140326856
0,0,0.009268775296057564
0,0,0.0
0,0,0.009048232264106766
0,0,0.34378175791802285
0,0,0.009344698343610205
0,0,0.022386927410008202
1,1,0.9557104841001294
0,0,0.0008029657128411459
0,0,0.0017914679318233534
0,0,0.011162902369760997
0,0,0.28025266878247806
0,0,0.0005124753840747375
0,0,0.0008029657128411459
0,0,0.018416221148657163
0,0,0.0
0,0,0.2796206619940712
0,0,0.023933288155644977
0,0,0.006130721028000319
0,0,0.018392930607716972
0,0,0.0005124753840747375
0,0,0.03870875236537359
0,0,0.016365594139230447
0,0,0.0031162809450850752
0,0,0.0033743724077712205
0,0,0.009771587508955288
0,0,0.0033743724077712205
0,0,0.0031162809450850752
0,0,0.0007097184939410482
0,0,0.0047650095970727
0,0,0.0077479405839299175
0,0,0.001512684206782194
0,0,0.017935741830848024
0,0,0.001993147783160488
0,0,0.1437957420862369
0,0,0.010012813408781272
0,0,0.0027961134960016337
0,0,0.013474353157938719
0,0,0.01198277065762769
1,1,0.8716485885467553
0,0,0.036379942344814425
0,0,0.005807273623344073
0,0,0.001794905957713961
0,0,0.0
0,0,0.1061012518317792
1,1,0.7171243635306459
0,0,0.012923371228362719
0,0,0.02269687240777122
0,0,0.0009885022189822074
0,0,0.060486365459651345
0,0,0.015805717380719314
0,0,0.20488016503810955
0,0,0.0
0,0,0.000991940244872815
0,0,0.0
0,0,0.0009885022189822074
0,0,0.0031162809450850752
0,0,0.001993147783160488
0,0,0.35186871390116936
0,0,0.0
0,0,0.0
0,0,0.01574795048753395
0,0,0.0007097184939410482
0,0,0.09105851364926265
0,0,0.02850593190331074
0,0,0.001512684206782194
0,0,0.038242273680010486
0,0,0.025990714530876726
0,0,0.0
0,0,0.017431550231458575
0,0,0.12378225607792988
0,0,0.03352411635608384
0,0,0.0008148183289318979
0,0,0.003419019462269975
0,0,0.3176053670484608
0,0,0.11977162848120897
0,0,0.01892481671614282
0,0,0.001794905957713961
0,0,0.0105882028914634
0,0,0.0009885022189822074
0,0,0.0009885022189822074
0,0,0.02257655481086258
0,0,0.001993147783160488
0,0,0.0007097184939410482
0,0,0.13192073241563612
0,0,0.009048232264106766
0,0,0.0058489930027804315
0,0,0.01795517550812866
0,0,0.02632659748785178
0,0,0.0
0,0,0.06338251750006717
0,0,0.3281144264029761
0,0,0.0027961134960016337
0,0,0.0031162809450850752
0,0,0.0009885022189822074
0,0,0.0344194003770741
0,0,0.07019271397219401
0,0,0.012097439764998406
0,0,0.0042874577023353875
0,0,0.0009885022189822074
0,0,0.003419019462269975
0,0,0.016486406339793872
0,0,0.009572964578153752
0,0,0.0
0,0,0.0031162809450850752
0,0,0.0009885022189822074
0,0,0.004997176196276435
0,0,0.0005124753840747375
0,0,0.0009885022189822074
0,0,0.021281465595960267
0,0,0.008663734397522896
0,0,0.0027961134960016337
0,0,0.0034370649853724157
0,0,0.009771587508955288
0,0,0.001512684206782194
0,0,0.008508366358432409
0,0,0.0005124753840747375
0,0,0.001993147783160488
0,0,0.0
0,0,0.07125168305476309
0,0,0.0
1,1,0.5889441368816529
0,0,0.0009885022189822074
0,0,0.001512684206782194
0,0,0.0
0,0,0.16262351673954126
0,0,0.10361513982793674
0,0,0.0
0,0,0.01590647146855237
0,0,0.0011084855322097446
0,0,0.001993147783160488
0,0,0.0007097184939410482
0,0,0.04584068695768576
0,0,0.017403965897116583
0,0,0.04670865385277209
0,0,0.0
0,0,0.0005124753840747375
0,0,0.04144903204037449
0,0,0.1811579398136263
0,0,0.006591194968553461
0,0,0.45241851030793045
0,0,0.029170427917201522
0,0,0.001512684206782194
0,0,0.014231761580212022
0,0,0.0
0,0,0.02898826698835065
0,0,0.02409238112938942
0,0,0.001794905957713961
0,0,0.02703524400120422
0,0,0.008769998865312606
0,0,0.000991940244872815
0,0,0.05871753049901465
0,0,0.0
0,0,0.0
0,0,0.02081667049523133
0,0,0.009827706783648039
0,0,0.00606552874239749
0,0,0.0033743724077712205
0,0,0.0
0,0,0.037292057879229
0,0,0.000991940244872815
0,0,0.0912698069091176
0,0,0.030172241943177625
0,0,0.009344698343610205
1,1,0.9186849744143248
0,0,0.00966125
0,0,0.0005124753840747375
0,0,0.009344698343610203
0,0,0.010036734483088974
0,0,0.0579728265589754
0,0,0.001993147783160488
0,0,0.24991029433042777
0,0,0.10898996046521538
0,0,0.010709718493941048
0,0,0.009572964578153752
0,0,0.04022724649460677
0,0,0.0034370649853724157
0,0,0.025322083181317498
0,0,0.009930362832768012
0,0,0.14093602949020687
0,0,0.003419019462269975
0,0,0.014420746111184274
0,0,0.14645607378133702
0,0,0.017606590379954407
0,0,0.0009885022189822074
0,0,0.020652737631516236
0,0,0.012167917323136372
0,0,0.021276794236113682
0,0,0.0030111601273424392
0,0,0.0009885022189822074
0,0,0.009048232264106766
0,0,0.011844345760108399
0,0,0.0
0,0,0.0
0,0,0.0038868477918459583
0,0,0.10771082433070214
0,0,0.006591194968553461
0,0,0.0
0,0,0.0027961134960016337
0,0,0.04119492967823451
0,0,0.0027961134960016337
0,0,0.007300736390045102
0,0,0.0
0,0,0.002670914060514639
0,0,0.0368694808697136
0,0,0.008769998865312606
0,0,0.01609632466859528
0,0,0.04321175672663626
0,0,0.0030111601273424392
0,0,0.0
0,0,0.009282474249387343
0,0,0.0009885022189822074
0,0,0.0021086943549172015
0,0,0.056306201013116224
0,0,0.018114697208922812
0,0,0.19412103464745545
0,0,0.0
0,0,0.017310124300450966
0,0,0.0
0,0,0.008261892036344202
0,0,0.009011525939039826
0,0,0.45340503013507233
0,0,0.0033743724077712205
0,0,0.0
0,0,0.0029033914899237057
0,0,0.0
0,0,0.0009885022189822074
0,0,0.0021536356961529756
0,0,0.024552499859932558
0,0,0.006975120569168027
0,0,0.010574553221796432
0,0,0.0
0,0,0.012719070751381425
0,0,0.011440912925827244
0,0,0.003419019462269975
0,0,0.0
0,0,0.0
0,0,0.019028003630457806
0,0,0.003776507378090493
0,0,0.014458584705366886
0,0,0.019005948343610204
0,0,0.0027961134960016337
0,0,0.02193271623710396
0,0,0.008155344035957295
0,0,0.17809086611672226
0,0,0.010186016257482104
0,0,0.0
0,0,0.2513316426245049
0,0,0.0027961134960016337
0,0,0.0
0,0,0.001993147783160488
0,0,0.009500306603305224
0,0,0.1711016561683895
0,0,0.04569450327061236
1,1,0.8899760967504255
0,0,0.1176730765177143
0,0,0.0302137851745255
0,0,0.0
0,0,0.0
0,0,0.000991940244872815
0,0,0.0
0,0,0.011729094890495253
0,0,0.08226159311513402
0,0,0.010653190244872815
0,0,0.001993147783160488
1,1,0.5151835131114937
0,0,0.30226105110933443
0,0,0.010147664056451351
0,0,0.0007097184939410482
0,0,0.028027802028238548
0,0,0.001794905957713961
0,0,0.0042874577023353875
0,0,0.006065528742397486
0,0,0.0005124753840747375
0,0,0.0741175683113562
0,0,0.0101813240431969
0,0,0.04401407352500868
0,0,0.003419019462269975
0,0,0.019771587508955288
0,1,0.8326427540740962
0,0,0.0009885022189822074
0,0,0.0027961134960016337
0,0,0.011004487706343746
0,0,0.0
0,0,0.01392114062661571
0,0,0.0
0,0,0.019533516022204166
0,0,0.07111166176739232
0,0,0.0027961134960016337
0,0,0.001512684206782194
0,0,0.38685360582678596
0,0,0.001512684206782194
0,1,0.5491877748447159
0,0,0.002807966112092386
0,0,0.018124921133846696
0,0,0.05377596263527546
0,0,0.016375977791738595
0,0,0.1005311633844181
0,0,0.0007097184939410482
0,0,0.0
0,0,0.11567228767649511
1,1,0.7511528549749866
0,0,0.0
0,0,0.0005960101481350071
1,1,0.6161743341139913
0,0,0.001512684206782194
0,0,0.0222108746508955
0,0,0.001993147783160488
0,0,0.0033743724077712205
0,0,0.0027961134960016337
0,0,0.020394646168830088
0,0,0.0008029657128411459
0,0,0.05189900854167834
0,0,0.4225539309391302
0,0,0.0014439172022119274
0,0,0.0
0,0,0.1216134351085732
0,0,0.011493485807867021
0,0,0.0
0,0,0.01943283750895529
0,0,0.001512684206782194
0,0,0.019545724379742516
0,0,0.006591194968553461
0,0,0.09688894365042375
0,0,0.009344698343610203
0,0,0.37521829447871063
0,0,0.027073609193164455
0,0,0.10546645402166081
0,0,0.03666326749773611
0,0,0.0
0,0,0.27505913687782213
0,0,0.025646274173832636
0,0,0.018046583204158827
0,0,0.018392930607716972
0,0,0.2732420413189535
0,0,0.024119889282084004
0,0,0.005210927145797857
0,0,0.0
0,0,0.001993147783160488
0,0,0.0007097184939410482
0,0,0.0018182040261507928
0,0,0.0027961134960016337
0,0,0.024161993270611016
0,0,0.0
0,0,0.0
0,0,0.0033743724077712205
0,0,0.008769998865312606
1,1,0.9272356037650609
0,0,0.028296314695158288
0,0,0.0009885022189822074
0,0,0.012937403010078946
0,0,0.006591194968553461
0,0,0.0007097184939410482
0,0,0.0
0,0,0.2539275977474162
0,0,0.0005124753840747375
0,0,0.0007097184939410482
0,0,0.0
0,0,0.009580118372532614
0,0,0.0005124753840747375
0,0,0.011844345760108399
0,0,0.0008029657128411459
0,0,0.05811964779140407
0,0,0.001794905957713961
0,0,0.003419019462269975
0,0,0.0008029657128411459
0,0,0.0
0,1,0.5960030936910722
0,0,0.009688600110729246
1,0,0.2512397700874402
0,0,0.0
0,0,0.0013057286420760552
0,0,0.000991940244872815
0,0,0.3465066543262918
0,0,0.0131391131646165
0,0,0.2899275671059445
0,0,0.0009885022189822074
0,0,0.20807028609789796
0,0,0.04721137031570813
0,0,0.36793313162877433
0,0,0.0034370649853724157
0,0,0.006691777391432337
0,0,0.008906943244021895
0,0,0.0017914679318233534
0,0,0.030258277986389845
0,0,0.0027961134960016337
0,0,0.0
0,0,0.01230830413679892
0,0,0.026017157718489035
0,0,0.0031904965209765103
0,0,0.0
0,0,0.0
0,0,0.002616053749428829
0,0,0.09839531615179994
0,0,0.017606590379954407
0,0,0.0377395073634101
0,0,0.0009885022189822074
0,0,0.009560707648181503
1,0,0.09676335923561458
0,0,0.0
0,0,0.08518814952216344
0,0,0.0
0,0,0.01577366439246393
1,0,0.3147130095603828
0,0,0.19499975991767893
0,0,0.01724817831030776
0,0,0.0
0,0,0.025033137927163315
0,0,0.03507727758314729
0,0,0.0007097184939410482
0,0,0.10387778061707506
0,0,0.0067114268337453665
0,0,0.0033743724077712205
0,0,0.0005124753840747375
0,0,0.022203931911635073
0,0,0.2182497162903341
0,0,0.001512684206782194
0,0,0.012422604671877986
0,0,0.0
0,0,0.0027961134960016337
0,0,0.009268775296057564
0,0,0.010589355085554326
0,0,0.0005124753840747375
0,0,0.009349445698816627
0,0,0.0016824118415324316
0,0,0.0
0,0,0.03505699961160594
0,0,0.0031904965209765103
0,0,0.0007097184939410482
0,0,0.0
0,0,0.028054180607716975
0,0,0.001512684206782194
0,0,0.07251728286900694
0,0,0.0026211697389919384
0,0,0.0009885022189822074
0,0,0.010012813408781272
0,0,0.0
0,0,0.009884474379742518
0,0,0.0
0,0,0.02635698780625198
1,1,0.711870036611588
0,0,0.0007097184939410482
0,0,0.00966125
0,0,0.2205167159889486
0,0,0.0007097184939410482
0,0,0.0027961134960016337
0,0,0.005558502674014023
0,0,0.0
0,0,0.24656376710570882
0,0,0.001512684206782194
0,0,0.0
0,0,0.009311332071273555
0,0,0.0033743724077712205
0,0,0.0
0,0,0.04885595102770615
0,0,0.0
0,0,0.0
0,0,0.008508366358432409
0,0,0.15666389078036924
0,0,0.0532050494486288
0,0,0.14995448634082453
0,0,0.00966125
0,0,0.0
0,0,0.03324635068540704
0,0,0.0026211697389919384
0,0,0.0
0,0,0.0009885022189822074
0,0,0.06168809638546243
0,0,0.0
0,0,0.0
0,0,0.18325025598682976
0,0,0.009572964578153752
0,0,0.010572769086979713
0,0,0.12870159494861916
0,0,0.01852849994960742
0,0,0.0009885022189822074
0,0,0.000991940244872815
0,0,0.0017914679318233534
0,0,0.00966125
0,0,0.023289105746346368
0,0,0.0033743724077712205
0,0,0.001512684206782194
0,0,0.010032903181305355
0,0,0.001794905957713961
0,0,0.019520736033739768
0,0,0.0033743724077712205
0,0,0.033714455019851736
0,0,0.12231549278649156
0,0,0.0037208786212834877
0,0,0.09308073658804968
1,1,0.7836043561124083
0,0,0.011450958230091964
0,0,0.0
0,0,0.0
0,0,0.001512684206782194
0,0,0.0027961134960016337
0,0,0.0
0,1,0.5063120091320589
0,0,0.0
0,0,0.001512684206782194
0,0,0.001512684206782194
0,0,0.060426002957800984
0,0,0.032776090335068474
0,0,0.021770246369363568
0,0,0.01227730374942883
0,0,0.005535148608053941
0,0,0.003419019462269975
0,0,0.0
0,0,0.03452610721105151
0,0,0.050357955401690774
0,0,0.011493485807867021
0,0,0.008057187417281725
0,0,0.0009885022189822074
0,0,0.0
1,1,0.9820558194622067
0,0,0.06498699919047836
0,0,0.0008029657128411459
0,0,0.0007097184939410482
0,0,0.0014439172022119274
0,0,0.0031162809450850752
0,0,0.022890487038906802
0,0,0.011654397783160486
0,0,0.12494933241610194
0,0,0.0007097184939410482
0,0,0.001993147783160488
0,0,0.001956392586286665
0,0,0.009703328799980426
0,0,0.018336073142080446
0,0,0.001993147783160488
0,0,0.0031162809450850752
0,0,0.19673957489022778
0,0,0.03207918987264826
0,0,0.056080055946456465
0,0,0.017853064702042613
0,0,0.0
0,0,0.04589725990261167
0,0,0.014504645935209462
0,0,0.001794905957713961
0,0,0.03016569780786217
0,0,0.0
0,0,0.027904181801802177
0,0,0.0034370649853724157
0,0,0.011258843997395565
0,0,0.019533516022204166
0,0,0.0038141258401835853
0,0,0.00501661345966554
0,0,0.009500338024706534
0,0,0.015750831787456038
0,0,0.0005124753840747375
0,0,0.0
0,0,0.0009885022189822074
0,0,0.09276649860434837
0,0,0.001993147783160488
0,0,0.002616053749428829
0,0,0.0028028887786517125
0,0,0.010691831018962632
0,0,0.0
1,1,0.8972821985661763
0,0,0.001512684206782194
0,0,0.000991940244872815
0,0,0.03380354562213536
0,0,0.06880054857692361
0,0,0.017407200630971655
0,0,0.009311332071273555
0,0,0.010436387476907399
0,0,0.0
0,0,0.006065528742397486
0,0,0.2948015003414583
0,0,0.1827886277173069
0,0,0.014265347621779233
0,0,0.03754765050518013
0,0,0.01636844275383538
0,0,0.011198414488035473
0,0,0.0
0,0,0.0007097184939410482
0,0,0.0
1,1,0.9427725631213864
0,0,0.0
0,0,0.15649103097902123
0,0,0.006285498076735455
0,0,0.0016824118415324316
1,1,0.9809179373506356
0,0,0.05691109100580562
0,0,0.0027961134960016337
0,0,0.0058489930027804315
0,0,0.0
0,0,0.0009885022189822074
0,0,0.018678530752977183
0,0,0.060442995129840235
0,0,0.0007097184939410482
0,0,0.001794905957713961
1,1,0.5864349464816871
0,0,0.018392930607716972
1,1,0.5598603875547807
0,0,0.00856220323468748
0,0,0.0
0,0,0.3341786053954312
0,0,0.0009885022189822074
0,0,0.0027961134960016337
0,0,0.017853064702042613
0,0,0.0
0,0,0.010691831018962632
0,0,0.0
0,0,0.0009885022189822074
0,0,0.0007097184939410482
0,0,0.009553376457500722
0,0,0.2705240837968636
0,0,0.001993147783160488
0,0,0.0
0,0,0.011258843997395565
0,0,0.0008029657128411459
0,0,0.0
0,0,0.02786270832703541
0,0,0.004309050362386176
0,0,0.011631027331562144
1,1,0.729093823467459
0,0,0.09596623115161078
0,0,0.004309050362386176
0,0,0.0
0,0,0.03828846302564735
0,0,0.0
0,0,0.001993147783160488
0,0,0.002616053749428829
0,0,0.0038868477918459583
0,0,0.0027961134960016337
0,0,0.0007097184939410482
0,0,0.010691831018962632
0,0,0.0
0,0,0.009349445698816627
0,0,0.004523844334124633
0,0,0.0
0,0,0.012059392391449207
0,0,0.01114801889152431
0,0,0.0007097184939410482
0,0,0.0018182040261507928
0,0,0.008321912587267624
0,0,0.0038259994390261237
0,0,0.0
0,1,0.7415271358653931
1,0,0.26178353724220615
0,0,0.0027961134960016337
0,0,0.10872234413722773
0,0,0.001993147783160488
0,0,0.0005124753840747375
0,0,0.0018182040261507928
0,0,0.0
0,0,0.0009885022189822074
0,0,0.0
0,0,0.0034370649853724157
0,0,0.001993147783160488
0,0,0.017061415562088404
0,0,0.0021004257770825597
0,0,0.0058489930027804315
0,1,0.532799733749349
0,0,0.36469122620042405
0,0,0.010900091027182384
0,0,0.013437757378090493
0,0,0.0033743724077712205
0,0,0.0027961134960016337
0,0,0.001512684206782194
0,0,0.0027961134960016337
0,0,0.0007097184939410482
0,0,0.008508366358432409
0,0,0.0018182040261507928
0,0,0.0028028887786517125
0,0,0.010257260148135008
0,0,0.0009885022189822074
0,0,0.013883885227069286
0,0,0.0
0,0,0.41863437342766735
0,0,0.016893510799941436
0,0,0.0007097184939410482
0,0,0.03233867697157797
0,0,0.08840533405623495
1,1,0.774026297588921
0,0,0.011960752093039033
0,0,0.0013057286420760552
0,0,0.003419019462269975
0,0,0.001993147783160488
0,0,0.08917598216634255
0,0,0.0009885022189822074
0,0,0.015828576848161025
0,0,0.0009885022189822074
0,0,0.023014748498308802
0,0,0.02893013441326607
0,0,0.021925041298113818
0,0,0.01753999773062521
0,0,0.012935080055952723
0,0,0.001993147783160488
0,0,0.019005948343610204
0,0,0.010012813408781272
0,0,0.017853064702042613
0,0,0.35678545455716715
1,1,0.7763318825020393
0,0,0.0008029657128411459
0,0,0.0
0,0,0.012777530945085077
0,0,0.001993147783160488
0,0,0.006591194968553461
0,0,0.4483947126804063
0,0,0.16736419668366798
0,0,0.0
0,0,0.008029295657594016
0,0,0.08895228595540522
0,0,0.013304735240539234
0,0,0.18735143341692725
0,0,0.0
0,0,0.010857382550392399
0,0,0.027661705903774533
0,0,0.002807966112092386
0,0,0.0008029657128411459
0,0,0.03327063931806506
0,0,0.011820854566808528
0,0,0.23151023932621453
0,0,0.11446023209302339
0,0,0.0009885022189822074
0,0,0.0009885022189822074
0,0,0.0047650095970727
0,0,0.010794219005020448
0,0,0.0
0,0,0.07305485056576194
0,0,0.009344698343610205
0,0,0.01692476786938079
0,0,0.4132030680576678
0,0,0.0009885022189822074
0,0,0.0
0,0,0.0027961134960016337
0,0,0.022844243637579545
0,0,0.001512684206782194
0,1,0.5293952270917565
0,0,0.001512684206782194
0,0,0.016372730359152245
0,0,0.001993147783160488
1,0,0.0007097184939410482
0,0,0.07665800510805842
0,0,0.001993147783160488
0,0,0.004561765921029334
0,0,0.1545880598110941
0,0,0.0
0,0,0.0431893992423867
0,0,0.0009885022189822074
0,0,0.0027961134960016337
0,0,0.0007097184939410482
0,0,0.00966125
0,0,0.0009885022189822074
0,0,0.0027961134960016337
0,0,0.015386346585001851
0,0,0.001500977603056945
0,0,0.0009885022189822074
0,0,0.000991940244872815
0,0,0.001993147783160488
0,0,0.0
0,0,0.0007097184939410482
0,0,0.0007097184939410482
0,0,0.08907727560677058
0,0,0.01088306177533614
0,0,0.0038868477918459583
0,0,0.09393260163304508
0,0,0.0009885022189822074
0,0,0.0
0,0,0.0026211697389919384
0,0,0.1488582163069227
0,0,0.011065978309690562
0,0,0.0047650095970727
0,0,0.011493485807867021
0,0,0.0
0,0,0.18081125902810782
0,0,0.0031102782041777595
0,0,0.016933490593986272
0,0,0.0005124753840747375
0,0,0.035752380296862625
0,0,0.0009885022189822074
0,0,0.001794905957713961
0,0,0.08394813898110468
0,0,0.0
0,0,0.0
0,0,0.006975120569168027
0,1,0.509109307280883
0,0,0.0
0,0,0.0005124753840747375
0,0,0.0
0,0,0.0005124753840747375
0,0,0.008546479985975481
0,0,0.009048232264106766
0,0,0.0
0,0,0.005004307910502928
0,0,0.01004017250897958
0,0,0.22661312387882593
0,0,0.0
0,0,0.0
0,0,0.00511388636175668
0,0,0.013430787578146529
0,0,0.0
0,0,0.0
0,0,0.0746745318061933
0,0,0.004523844334124633
0,0,0.007848916068590998
0,0,0.07485448475941188
0,0,0.44337915779028525
0,0,0.0016824118415324316
0,0,0.0005960101481350071
0,0,0.004366312652644036
0,0,0.006975120569168027
0,0,0.0018182040261507928
0,0,0.01802422990185869
0,0,0.012721070931408125
0,0,0.0701031976769601
0,0,0.004003100372215254
0,0,0.004309050362386176
0,0,0.0009885022189822074
0,0,0.009344698343610205
0,0,0.008029295657594016
0,0,0.0
0,0,0.0009885022189822074
0,0,0.037886536550117395
0,0,0.0058489930027804315
0,0,0.004596901508647253
0,0,0.009447885257925191
0,0,0.06407664791049618
0,0,0.0
0,0,0.0047650095970727
1,1,0.7111913146758967
0,0,0.011027110185142637
0,0,0.018228900020085946
0,0,0.0
0,0,0.05019981299909948
0,0,0.0033743724077712205
0,0,0.01814126872539962
0,0,0.002616053749428829
0,0,0.0007097184939410482
0,0,0.0009885022189822074
0,0,0.006591194968553461
0,0,0.04718911293097799
0,0,0.0
0,0,0.21948670441674356
0,0,0.001993147783160488
0,0,0.0
0,0,0.043516384728956456
0,0,0.0009885022189822074
0,0,0.0007097184939410482
0,0,0.0
0,0,0.029670317965826812
0,0,0.013632156045945592
0,0,0.009553376457500722
0,0,0.001794905957713961
0,0,0.0031904965209765103
0,0,0.0
0,0,0.010012813408781272
0,0,0.16880842912760252
0,0,0.0007097184939410482
1,1,0.8690620675011188
0,0,0.055756253459300645
0,0,0.008816149010822782
0,0,0.020311002218982206
0,0,0.14291917456169398
0,0,0.001512684206782194
0,0,0.0
0,0,0.03760407188910563
0,0,0.01
0,0,0.009768546388559533
0,0,0.007403965897116581
0,0,0.24130064841187843
0,0,0.1560186051996709
0,0,0.026323634852277334
0,0,0.024929382544056716
0,0,0.0027961134960016337
0,0,0.009194076012609291
0,0,0.0027961134960016337
0,0,0.001993147783160488
0,0,0.0
0,0,0.055578693073584366
0,0,0.0033743724077712205
0,0,0.0032621212283627204
0,0,0.020484908221426887
0,0,0.007216619981325865
0,0,0.037659937297211975
0,0,0.04586781805858971
0,0,0.0
0,0,0.001993147783160488
0,0,0.00730091346249451
0,0,0.0
0,0,0.0027961134960016337
0,0,0.0
0,0,0.0
0,0,0.036349182224074565
0,0,0.008769998865312606
0,0,0.23591795461264034
0,0,0.005535148608053941
0,0,0.012158510468284525
0,0,0.0009885022189822074
0,0,0.002807966112092386
0,0,0.002616053749428829
0,0,0.006591194968553461
0,0,0.0031162809450850752
0,0,0.01900067604941307
0,0,0.001993147783160488
0,0,0.0
0,0,0.0
0,0,0.17466165571927555
0,0,0.020993823832573554
0,0,0.0
0,0,0.009903794506550339
0,0,0.001993147783160488
0,0,0.003419019462269975
0,0,0.0
0,0,0.0009885022189822074
0,0,0.01781823112941937
0,0,0.0014439172022119274
0,0,0.0027961134960016337
0,0,0.0
0,0,0.0
0,0,0.0
0,0,0.0007097184939410482
0,0,0.0
0,0,0.09032429801487149
0,0,0.0
0,0,0.014233045310482879
0,0,0.009048232264106766
0,0,0.0
0,0,0.04669333135956597
0,0,0.0
0,0,0.4221890189719616
0,0,0.001993147783160488
0,0,0.001993147783160488
0,0,0.0009885022189822074
0,0,0.18465260394146174
0,0,0.009048232264106766
0,0,0.21594728465182159
0,0,0.16436302736227454
0,0,0.0
0,0,0.0067114268337453665
0,0,0.0852480660039303
0,1,0.6482948645435107
0,1,0.7516879052973933
0,0,0.0
0,0,0.016070912327807118
0,0,0.0
0,0,0.0047650095970727
1,1,0.9602742257607114
0,0,0.019803610340852904
0,0,0.009344698343610205
0,0,0.006280605485495875
1,0,0.0
0,0,0.008769998865312606
0,0,0.000991940244872815
0,0,0.012243998753926823
0,0,0.05491734865309149
0,0,0.0
0,0,0.001993147783160488
0,0,0.0
0,0,0.0007097184939410482
0,0,0.013813241861179467
0,0,0.008637201765659049
0,0,0.0
0,0,0.000991940244872815
0,0,0.03321608660526144
0,0,0.011187223795769778
0,0,0.0018182040261507928
0,0,0.0687785294939851
0,0,0.01783839083484695
0,0,0.006065528742397486
0,0,0.029088465874890737
0,0,0.03800195212908805
0,0,0.2549998133588053
0,0,0.0
0,0,0.05019585582355163
0,0,0.0
0,0,0.05570385993941544
0,0,0.0
0,0,0.024329275480190038
0,0,0.0
0,0,0.0008029657128411459
0,0,0.007285852911808413
0,0,0.001993147783160488
0,0,0.0
0,0,0.0026211697389919384
0,0,0.00820856022619868
0,0,0.010691831018962632
0,0,0.009771587508955288
0,0,0.0
0,0,0.0
0,0,0.00590637074414474
0,0,0.0
0,0,0.000991940244872815
0,0,0.000991940244872815
0,0,0.02692733636466091
1,0,0.30536795155426516
0,0,0.006902248655985988
0,0,0.022546104049302775
0,0,0.00966125
0,0,0.0008148183289318979
0,0,0.019181616424389477
0,0,0.0
0,0,0.0009885022189822074
0,0,0.049218322743571054
0,0,0.0007097184939410482
0,0,0.006271789840110505
0,0,0.18358773858372895
0,0,0.0
0,0,0.001512684206782194
0,0,0.0018182040261507928
0,0,0.02409699619132929
0,0,0.0007097184939410482
0,0,0.20787475408596978
0,0,0.002807966112092386
0,0,0.009944303877876634
0,0,0.0034370649853724157
0,0,0.020125543620755984
0,0,0.009194076012609291
0,0,0.009194076012609291
0,0,0.009048232264106766
0,0,0.001512684206782194
0,0,0.036317206031739734
0,0,0.0033743724077712205
0,0,0.0182516415876321
0,0,0.04679080674262341
0,0,0.0038868477918459583
0,0,0.005212461121594516
0,0,0.0
0,0,0.0
0,0,0.0
0,0,0.0007097184939410482
0,0,0.01667736556584092
0,0,0.0
0,0,0.01006585184157546
1,1,0.8603921884357177
0,0,0.0
0,0,0.005668019751318519
0,0,0.0027961134960016337
0,0,0.009756216414213472
0,0,0.33581151409614113
0,0,0.02569593919136208
0,0,0.0014439172022119274
0,0,0.006102388580738887
0,0,0.009851197976947912
0,0,0.008261892036344202
0,0,0.04420482822150068
0,0,0.0
0,0,0.0033743724077712205
1,1,0.7755400986521636
0,0,0.001794905957713961
0,0,0.01110465519540556
0,0,0.010208492107002648
0,0,0.001512684206782194
0,0,0.0
0,0,0.0037208786212834877
0,0,0.0009885022189822074
0,0,0.03417292605498589
0,0,0.009194076012609291
0,0,0.044843957768938666
0,0,0.03839851149929559
0,0,0.1483987010161979
0,0,0.0027961134960016337
0,0,0.000991940244872815
0,0,0.028588803899597268
0,0,0.009218084852373458
0,0,0.0
0,0,0.06042897993522083
0,0,0.23062569418852047
0,0,0.008261892036344202
0,0,0.0027961134960016337
0,0,0.013441006666849166
0,0,0.0
0,0,0.021144039254172835
0,0,0.0144262595970727
0,0,0.0058489930027804315
0,0,0.037098314966670286
0,0,0.006925104111815005
0,0,0.22662220117046097
0,0,0.0005124753840747375
0,0,0.10767826548591666
0,0,0.01781823112941937
0,0,0.0008029657128411459
0,0,0.0
0,0,0.030151488819026896
0,0,0.0
